"DESCRIPTION","DURATION IN MS","NAME","PARENT SUITE","START TIME","STATUS","STOP TIME","SUB SUITE","SUITE","TEST CLASS","TEST METHOD"
"","10207","verifyRolesFilter","Kalp_CMS.Kalp_CMS_UserManagement","Tue Dec 09 11:30:53 IST 2025","broken","Tue Dec 09 11:31:03 IST 2025","Kalp_CMS.Kalp_CMS_UserManagement","Command line test","Kalp_CMS.Kalp_CMS_UserManagement","verifyRolesFilter"
"","10177","verifyDownloadData","Kalp_CMS.Kalp_CMS_UserManagement","Tue Dec 09 11:30:33 IST 2025","broken","Tue Dec 09 11:30:43 IST 2025","Kalp_CMS.Kalp_CMS_UserManagement","Command line test","Kalp_CMS.Kalp_CMS_UserManagement","verifyDownloadData"
"","16","VerificationFilter_Unverified","Kalp_CMS.Kalp_CMS_UserManagement","Tue Dec 09 11:30:23 IST 2025","broken","Tue Dec 09 11:30:23 IST 2025","Kalp_CMS.Kalp_CMS_UserManagement","Command line test","Kalp_CMS.Kalp_CMS_UserManagement","VerificationFilter_Unverified"
"","14","VerifyTimeStampAndInactiveUSer","Kalp_CMS.Kalp_CMS_UserManagement","Tue Dec 09 11:30:23 IST 2025","failed","Tue Dec 09 11:30:23 IST 2025","Kalp_CMS.Kalp_CMS_UserManagement","Command line test","Kalp_CMS.Kalp_CMS_UserManagement","VerifyTimeStampAndInactiveUSer"
"","12225","AdminLogin","Kalp_CMS.Kalp_CMS_UserManagement","Tue Dec 09 11:30:10 IST 2025","passed","Tue Dec 09 11:30:23 IST 2025","Kalp_CMS.Kalp_CMS_UserManagement","Command line test","Kalp_CMS.Kalp_CMS_UserManagement","AdminLogin"
"","10182","verifyCalendarNavigation","Kalp_CMS.Kalp_CMS_UserManagement","Tue Dec 09 11:31:34 IST 2025","broken","Tue Dec 09 11:31:44 IST 2025","Kalp_CMS.Kalp_CMS_UserManagement","Command line test","Kalp_CMS.Kalp_CMS_UserManagement","verifyCalendarNavigation"
"","10194","verifyDateFilter","Kalp_CMS.Kalp_CMS_UserManagement","Tue Dec 09 11:31:24 IST 2025","failed","Tue Dec 09 11:31:34 IST 2025","Kalp_CMS.Kalp_CMS_UserManagement","Command line test","Kalp_CMS.Kalp_CMS_UserManagement","verifyDateFilter"
"","10179","verifySourceFilter","Kalp_CMS.Kalp_CMS_UserManagement","Tue Dec 09 11:31:03 IST 2025","broken","Tue Dec 09 11:31:13 IST 2025","Kalp_CMS.Kalp_CMS_UserManagement","Command line test","Kalp_CMS.Kalp_CMS_UserManagement","verifySourceFilter"
"","10149","verifyPagination","Kalp_CMS.Kalp_CMS_UserManagement","Tue Dec 09 11:30:43 IST 2025","broken","Tue Dec 09 11:30:53 IST 2025","Kalp_CMS.Kalp_CMS_UserManagement","Command line test","Kalp_CMS.Kalp_CMS_UserManagement","verifyPagination"
"","10","VerificationFilter_Verified","Kalp_CMS.Kalp_CMS_UserManagement","Tue Dec 09 11:30:23 IST 2025","broken","Tue Dec 09 11:30:23 IST 2025","Kalp_CMS.Kalp_CMS_UserManagement","Command line test","Kalp_CMS.Kalp_CMS_UserManagement","VerificationFilter_Verified"
"","10183","verifyStatusFilter","Kalp_CMS.Kalp_CMS_UserManagement","Tue Dec 09 11:31:13 IST 2025","broken","Tue Dec 09 11:31:24 IST 2025","Kalp_CMS.Kalp_CMS_UserManagement","Command line test","Kalp_CMS.Kalp_CMS_UserManagement","verifyStatusFilter"
"","5612","verifyRegisteredUserEntry","Kalp_CMS.Kalp_CMS_UserManagement","Tue Dec 09 11:30:05 IST 2025","broken","Tue Dec 09 11:30:10 IST 2025","Kalp_CMS.Kalp_CMS_UserManagement","Command line test","Kalp_CMS.Kalp_CMS_UserManagement","verifyRegisteredUserEntry"
"","10203","VerifySearchBar","Kalp_CMS.Kalp_CMS_UserManagement","Tue Dec 09 11:30:23 IST 2025","broken","Tue Dec 09 11:30:33 IST 2025","Kalp_CMS.Kalp_CMS_UserManagement","Command line test","Kalp_CMS.Kalp_CMS_UserManagement","VerifySearchBar"
